Epoch,Reward mean,Reward std
1,1754.6609287879996,1163.803079409953
2,4102.6446756473215,948.5913428701634
3,4650.257616616253,85.62955096015135
4,4739.91477326695,71.42826361280027
5,4624.279616351299,505.4512677198154
6,4780.882375322561,101.27976917372966
7,4808.420199418439,111.58152610068409
8,4827.2394797338075,119.84691725900535
9,4285.711648538904,1265.6239044943432
10,4773.163888669243,69.39108757135601
