Epoch,Reward mean,Reward std
1,1151.9912917626139,859.7387528995122
2,2810.143081407271,842.086691073006
3,3774.5860425432306,169.0753301289824
4,3853.308937668732,124.46608553987951
5,4064.5708272073193,103.23076829946473
6,4080.669020735347,119.74189180768964
7,4104.382144757629,110.99471304470082
8,4081.499291738338,72.42066693135466
9,4058.530597865009,105.57976946661661
10,4110.185305686512,123.12562632183975
