Epoch,Reward mean,Reward std
1,577.1154709491169,119.6302044499215
2,403.48413313448765,133.65070209461578
3,611.8208404940943,4.901259173237391
4,1128.5069763427666,325.8103412676056
5,878.1996290055133,208.63330189355904
6,2053.8101270809834,1312.00111375259
7,2551.7091726878252,1232.8748735590957
8,3780.514161825954,3.385900776911108
9,3778.1214763705384,3.9370682187939665
10,3780.437388606987,4.512475514853249
