Epoch,Reward mean,Reward std
1,412.4041846671471,72.61919531462037
2,745.658308536729,248.83787742434706
3,605.9739445669055,95.13412284687305
4,1572.1613130199335,1865.1961210088823
5,6888.495175321301,3783.9095260576255
6,7054.214771072775,4197.989888893513
7,9524.33011669282,2647.2562297016248
8,8818.398787895389,3279.6429709506965
9,5726.394196525782,4664.776391266793
10,7376.8248310177105,4224.8581720322945
