Epoch,Reward mean,Reward std
1,-13.691588317213839,3.9562303869627855
2,-14.960179594911486,5.7359573573855425
3,-11.603800778470353,6.01437892097498
4,-8.932646349338423,5.741513451477322
5,-7.225420817741205,3.686597173808012
6,-6.298910335802817,3.6089081949270634
7,-4.989596351114437,2.3886506386078317
8,-5.306531234435587,2.559058483080741
9,-7.036687237221095,3.6091909147030337
10,-8.728407438260183,2.4591300576668393
