Epoch,Reward mean,Reward std
1,285.52619545595667,338.65568974063325
2,3745.5859161834524,1532.9101362591741
3,5530.768176586187,34.235807719112714
4,5523.13571789981,27.358689883044153
5,5505.946562146338,67.76723466920943
6,5424.464380590783,104.47393916945718
7,5545.081833850689,34.46811559595467
8,5539.162618868331,54.83489498878061
9,5518.340557089114,68.98409727072064
10,5416.927426446391,91.6662953714877
