Epoch,Reward mean,Reward std
1,3392.9241619806226,854.4780378122534
2,4331.775708853193,372.09289847027634
3,4650.615665905543,84.37295898590202
4,4760.960564052981,77.39809950447811
5,4731.83855103558,97.57999259593075
6,4740.47891631982,78.5734083128343
7,4769.209412388222,66.35202880755669
8,4797.041366500099,69.09257217077297
9,4445.093728933947,972.457193631774
10,4790.960513969005,88.33084822207918
