Epoch,Reward mean,Reward std
1,73.35608874166557,160.38587747933275
2,1388.9152072631864,1430.313394842602
3,3890.371377446786,109.0829597871013
4,4052.103872890709,77.29592191820139
5,4069.0489526779775,64.60571495288377
6,4110.3422946121245,103.39760846276079
7,4137.405393936683,57.19955997026297
8,4187.9462628405745,61.16510037946623
9,4122.256972423728,82.53641627620654
10,4177.439427726147,77.42164167030407
