Epoch,Reward mean,Reward std
1,612.3360387957684,243.30861880063648
2,1347.8014173356346,281.51629819960823
3,2501.489292244954,765.4474326150665
4,3614.6260738333804,500.5998066398808
5,3772.352112345134,2.2480175503248883
6,3779.1832302428984,3.365502331508459
7,3773.0013958358422,3.0051046642789037
8,3773.8430865891737,1.8797182435163553
9,3774.4996909879183,2.058411267042069
10,3778.7160097551723,2.392304833443214
