Epoch,Reward mean,Reward std
1,299.9372656194196,9.857597551886935
2,841.3269069728269,146.36370029514234
3,2330.2318061084825,2131.725956883785
4,3646.5449907591546,3301.486355631004
5,8589.500228885174,2540.645055555622
6,10045.531404246245,711.333267666111
7,10355.283152029637,81.32214752019796
8,9209.9333984414,2570.91162130379
9,10336.302038480448,26.676890627998826
10,10391.100820181233,55.45785899148044
