Epoch,Reward mean,Reward std
1,-23.587713601622557,7.192543080464857
2,-13.684272036131413,3.015458653672669
3,-9.474930011688972,5.916611770664075
4,-11.697079889010013,6.060024935618979
5,-6.842916630418145,3.5688594297551837
6,-7.904953081359908,4.705958613566315
7,-6.561185741480308,3.8193309240635123
8,-4.633512121337938,2.152475536840705
9,-5.716082256653327,2.3208971325697827
10,-6.175856195426832,3.775848913426987
