Epoch,Reward mean,Reward std
1,1.7366179075002255,0.686430318922687
2,406.90095523005675,41.30922007457284
3,3622.179078682384,1836.1131199626743
4,5113.381341745847,1130.8674556699702
5,5441.119285804822,75.58171134658994
6,5155.471607096337,926.9150807224067
7,5477.991064444493,44.086796325517554
8,5502.906227312193,62.16097832937537
9,5475.688225469838,48.87429399357895
10,5501.787499412657,53.239452903929966
